{
    "type": "",
    "worldGUID": "16d42608-86c2-43fc-8c81-46046044d273",
    "worldName": "Volkswagen Experience",
    "worldVersion": 8,
    "buildSDKVersion": "0.10.20",
    "buildSDKNumericVersion": 10020,
    "serverName": "Massive Loop",
    "serverId": "00000000-0000-0000-0000-000000000000",
    "ownerID": "c2afbf96-5813-4990-b14b-0652e0864ce2",
    "maxPlayers": 2,
    "description": "Volkswagen Experience",
    "environmentType": 0,
    "mainSceneName": "car",
    "scenes": [
        "Assets/BNG Framework/Scenes/Weapons.unity",
        "Assets/BNG Framework/Scenes/XR Demo.unity",
        "Assets/BNG Framework/Scenes/Scene Transitioning.unity",
        "Assets/BNG Framework/Scenes/Physics Hands.unity",
        "Assets/BNG Framework/Scenes/Rigidbody Player.unity",
        "Assets/BNG Framework/Scenes/Vehicle Example.unity",
        "Assets/BNG Framework/Scenes/Quest Demo.unity"
    ],
    "assetFile": "16d42608-86c2-43fc-8c81-46046044d273_assets",
    "sceneFile": "16d42608-86c2-43fc-8c81-46046044d273_scenes",
    "assetFileSize": 6541702,
    "sceneFileSize": 169275,
    "assetFileHash": "jE2/xpcBKuq0DXa7e4fYTZgSCQLf7DsXgweTBC945aoUBWT0HpGIOWWVI5T84M2UnK4qmfHnTuL1N0E64UzrGA==",
    "sceneFileHash": "Ekc6XD0EMZGvj+PZFQlN6f+CvGoo9zE8TC7GyBt9xxHzUnnbH75lKAf4s9Drtwaaomb4q/YhkP81jjIDlZplmw==",
    "files": [],
    "filesHash": []
}